result	plan_status	on_execution_path	sha256	path
MATCH	USE	yes	53e0c6b8ac613eab7dcce970438e7adc071bddcde4d7e1e202763bfe62de44e5	evidence/session/gate-a-a1/p2-r8-runtime/run-r8-one-cell-b984ded-v2.sh
MATCH	FORBIDDEN	yes	f22546b7f42aa9f45c4bdee5e7ce675efe6b1fae4e9709e15696e59262dab7b0	evidence/session/gate-a-a1/p2-r8-runtime/run-r8-one-cell-b984ded.sh
MISMATCH	USE	no-stale-sibling	21f97d9fd4dca5c4e7b33d6fe0e15269041c7609f852519659b2b7aff4c194cc	evidence/session/gate-a-a1/p2-r8-runtime/r8_orchestration_v2.py
MATCH	USE	yes	27af4a6253bcc021f3da2494b99045c754fb27f2b815b23cbbe1e0744760a536	src/f8-ahb-gatea-r7-p1-arm/tests/r8/r8_orchestration_v2.py
MATCH	USE	yes	baceae096fda8ffdb373267bc9c1e80c3e3e2985df278de3295a1bd8b73380a2	src/f8-ahb-gatea-r7-p1-arm/tests/r8/judge-r8-v2.py
MATCH	FORBIDDEN	yes	f021048da3c1b729c6f9bf560eba52609b2f980336dd4fab77ad1700438c0e31	src/f8-ahb-gatea-r7-p1-arm/tests/r8/judge-r8.py
MATCH	USE	yes	e6df519a75c872c8a56fac00146585853eec7f17a3f424e70e5d4736340666c8	src/f8-ahb-gatea-r7-p1-arm/tests/r8/collect-r8.py
MATCH	USE	yes	ff22a1521d23a8954b0b4f3a603dbb19af98b3e8b3727342caf5e107b639b3ba	src/f8-ahb-gatea-r7-p1-arm/tests/r8/lifecycle-cell-spec.json
MATCH	USE	yes	72d7517737a009a588f0c25d685db252a32081c4a9e750adaf4f0f2932eb5041	src/f8-ahb-gatea-r7-p1-arm/tests/r8/r8_obs_stream.py
